ith_CG_iter,current_time,lp_obj,nnrc_cols,min_rc,mean_rc,median_rc,stdev_rc,column_selection_time
1,0.019388,142,114,-2,-1.02632,-1,0.160073,0
2,0.0586579,133,34,-1,-1,-1,0,0
3,0.0993738,129.333,135,-0.666667,-0.306173,-0.333333,0.12374,0
4,0.148561,123.75,75,-0.5,-0.28,-0.25,0.0812404,0
5,0.201942,122.167,61,-0.333333,-0.191257,-0.166667,0.0591074,0
6,0.258163,121,11,-0.5,-0.5,-0.5,0,0
7,0.315557,120.6,37,-0.2,-0.2,-0.2,1.51612e-16,0
8,0.374038,120,0,0,0,0,0,0
